x1,x2,y
-3.221577444618291,-9.258144683189348,10.0
6.6015091999471185,6.185962784086634,10.0
9.545721794249776,-2.0899928531504015,10.0
3.6946693607761336,9.386355666385402,10.0
5.066965243622624,8.682244750918608,10.0
-6.90544512962937,6.496981399373911,10.0
1.925912544084197,-8.697649064500816,10.0
4.265744931083655,-8.466319307406275,10.0
-7.778488492687765,-4.823452868051255,10.0
9.348803874937857,-3.4495430849620816,10.0
-6.998028272733568,-5.472397061703145,10.0
-6.549705801225534,6.707879831591034,10.0
-8.97555436225219,-4.961862379183942,10.0
-1.3587792469077706,-10.139835433277323,10.0
9.142706802614638,4.1332625917072425,10.0
-0.6325167877428807,-9.42369515088351,10.0
-3.0031980435913637,-9.745447318638822,10.0
6.250777502960955,6.578335167590578,10.0
-8.261053810630745,1.5469734079479025,10.0
-7.696100886340774,-7.264641873037965,10.0
0.7936387068742984,9.30728219027445,10.0
1.8387637385220565,9.784421982311477,10.0
-3.131507243511023,-8.498069667160335,10.0
0.3550851460577159,9.896448822560878,10.0
3.5911875142798446,-9.832642319771384,10.0
-9.19460835633679,-3.9498732545217563,10.0
9.945006654431708,-1.671237678171378,10.0
-1.3140546070771022,9.398062605762252,10.0
7.350135275062093,-4.815809386277435,10.0
-4.013949217362883,-7.062706776776912,10.0
-10.596493290362245,-3.618848743317436,10.0
-3.2928271145026993,9.31000153293009,10.0
-6.799050594050283,5.772948797798257,10.0
9.024141259804034,-4.389139123166687,10.0
4.345730889804217,-9.576589471480107,10.0
-8.526317340466282,2.1343126290438823,10.0
-6.3056275553265575,5.712347333933284,10.0
3.86947725689166,-9.192937663995107,10.0
3.3760516055023335,-8.906974506106081,10.0
3.205667294437976,9.318805058523061,10.0
-6.941064703815391,6.359301262602318,10.0
10.4428491807723,-1.416642455751059,10.0
8.224760620029887,-3.175931971840765,10.0
7.142247735720647,-7.026151344939143,10.0
-5.650910581886613,6.594028022340368,10.0
-8.695234799558117,-1.9170937223102835,10.0
5.818935417657848,-6.202714563087598,10.0
-9.150341312788967,5.71021130036299,10.0
-2.158202154769295,8.771581514194184,10.0
3.5154766817684124,8.142581210670482,10.0
-6.91476840297442,6.315635777699087,10.0
-6.652086240247144,8.040004012307131,10.0
-8.012141846343555,5.233283291970191,10.0
7.386848788753893,5.6619973510745245,10.0
9.191966215695002,-0.4556904973954783,10.0
-9.264788514719438,3.900492281247777,10.0
8.154068691693904,6.135906731795716,10.0
3.903487507241999,7.377766573524056,10.0
6.425987612752784,7.7440895286908,10.0
8.244336907401301,-6.45735976123433,10.0
7.2995397812770975,5.895259637971744,10.0
-2.2178812058285855,9.422091649203118,10.0
1.1834069852325362,-9.994849195836412,10.0
-3.7856707566821743,-8.044368615898307,10.0
-9.567340502132573,-2.9397717131530405,10.0
6.708736652162889,7.628707971878509,10.0
-9.167613719136858,1.2549413740151674,10.0
7.931441587480544,-7.410311525236534,10.0
-8.236267322702783,-0.7318993233375942,10.0
4.489624684537246,-8.896128393238767,10.0
10.037934193143784,2.890699241683427,10.0
7.600153500094263,-5.484675335333708,10.0
-0.017931960627836193,10.159649344276763,10.0
-3.4606178881097573,-9.513841034244454,10.0
7.596089800973865,-4.602423581038111,10.0
-0.5531377243503631,-9.107168994923523,10.0
-10.431209610959582,-1.599865447791643,10.0
7.541408656571612,6.615117359837808,10.0
6.050476548375164,7.972359246752396,10.0
-4.219166068786983,8.259121862313156,10.0
0.01809933035439777,-9.673283569723015,10.0
7.646790357632063,-4.1343010193215255,10.0
-9.577111650721234,-1.9783223423364253,10.0
-9.857330369515992,-0.6163905806053825,10.0
-9.157100447458886,5.505355134584395,10.0
6.046492317605051,-9.143213325956243,10.0
8.748530689190504,-3.6989338511195444,10.0
-0.5708117200419156,-8.635227567871514,10.0
-8.970507593519141,2.4423699941770853,10.0
-2.724323814794857,-9.213409746921172,10.0
9.774279395087271,-2.3708923170163168,10.0
2.6689652163598816,-8.756997299134385,10.0
-8.605912378875406,5.729902917569874,10.0
-7.410959185261341,-5.639989406999123,10.0
8.536795660428783,3.83477379543824,10.0
-0.858537817542363,9.185873960607818,10.0
-9.303942688954365,3.9280084300247458,10.0
-3.4794189958553194,-8.672742241665997,10.0
-8.039511864166137,-6.266336920757798,10.0
-9.511536240581117,-2.5394774944872562,10.0
-3.0858494060207278,7.789750493428818,10.0
-4.441509487608532,7.855643717357641,10.0
9.929159439341682,-2.4622219239429954,10.0
-7.079837493341848,-7.525508632371998,10.0
8.274142819585343,-4.725491710858307,10.0
-1.0915993444762409,-9.481234161643084,10.0
3.7175593461389727,8.83442125675062,10.0
-9.550456743755609,1.9232748238058741,10.0
10.242471625405642,-1.2652147273959782,10.0
-4.274768599410494,-8.057237567141712,10.0
4.759576510205438,-9.399134954287478,10.0
-4.691050900591349,8.71882428224551,10.0
-9.46399668475939,3.0018903706780637,10.0
4.082599368416561,-8.02205486087202,10.0
9.154182122649122,5.999221037706521,10.0
-3.6975495690770646,8.966837317520657,10.0
-1.3974901645776792,10.264266113458909,10.0
-8.955148376826818,3.156476729306968,10.0
-8.962885753618309,-2.46672847514638,10.0
2.002774857075212,-8.615739988045886,10.0
9.122533810497321,-0.33216328760308766,10.0
-8.615473530968682,-5.2745181634016065,10.0
9.873701936727837,3.4761133695447004,10.0
8.41306645610174,3.383846032746326,10.0
6.504665481171398,6.208327208659437,10.0
8.111752971182371,-0.6624122036251158,10.0
-8.601599096124012,1.272903872008872,10.0
-9.696602612584751,0.9569931469473008,10.0
5.526389637081901,7.379665707361226,10.0
4.6809257242107085,10.075085694751689,10.0
-3.5927140640341,9.892684044358138,10.0
9.511532299095348,2.487146563046432,10.0
-8.52215223535993,-5.710151536914452,10.0
-6.130213898887786,7.234931561318152,10.0
-3.6558693867973373,-8.953478802912093,10.0
-0.7260745961429713,9.690765315999483,10.0
-9.300715227325426,2.387613806810637,10.0
-4.737164802661302,7.185701406088764,10.0
-10.502657202990719,0.032660889803161994,10.0
-3.259916100745061,-9.677350605510375,10.0
-9.761827100335934,-2.180342327448918,10.0
3.9524185337564486,-8.05845467583882,10.0
-11.082261665822804,-0.11481321617450227,10.0
-8.601841078031397,-0.14208330157670954,10.0
8.211027026057542,5.732785738749311,10.0
-5.413753273465008,-7.763042725237878,10.0
3.31789866478091,-8.623703146323942,10.0
-8.995106985063124,0.7773709908254041,10.0
2.7778739188041994,9.497703523628598,10.0
10.504047832205517,-2.8567805533246613,10.0
4.2313137683692545,7.969571920670912,10.0
-7.9566449845929945,-5.747471529428374,10.0
-9.42125502169273,-0.18274164762822995,10.0
-8.955522211358796,-2.3922585634193285,10.0
-2.4604765506962387,-10.231003082808902,10.0
4.903020679184935,-8.439986658514377,10.0
-0.029533735519401964,9.232171824879705,10.0
9.454284484963349,2.9139347861205893,10.0
10.424334743654862,-0.24158486059712364,10.0
-9.836396574177027,1.2261763873962659,10.0
-8.526495213144383,3.565313447095247,10.0
-5.278468421013743,-7.639568061523866,10.0
-4.632877567412604,-8.705613515317738,10.0
3.3318531348300016,8.760698800272563,10.0
5.944151671851928,6.634806149184866,10.0
3.604929587409434,-9.633727746204256,10.0
-5.406247735280997,9.052846115499669,10.0
9.09430700222234,-3.055227745408908,10.0
-9.892794837817119,-3.28804652902702,10.0
-8.948525404483476,1.6569866848907022,10.0
-2.658794768792081,8.810172003295362,10.0
-3.5509694845104853,8.068717777156884,10.0
4.1666921721445425,8.924108876812543,10.0
3.439673040644304,-8.130892777489246,10.0
-8.119337850011256,-5.3768416105827,10.0
-9.553981021636943,-0.17057920993442285,10.0
9.203538450769662,-2.1476800567809184,10.0
7.934209610720511,5.884562626268824,10.0
8.693320776534947,-4.098534564875983,10.0
6.810031848052587,5.984703861780398,10.0
5.285915547710456,8.777082105334761,10.0
0.6141049618059338,-9.761271858263393,10.0
5.938202346144958,6.971945601106749,10.0
-1.9082110281733766,9.39169831546211,10.0
4.313231037755319,-8.337435796484318,10.0
9.117534686833705,3.156104771901327,10.0
-0.0647870602389844,-9.742516323768374,10.0
-9.48504099462827,-3.064509226957874,10.0
9.697950928947229,1.3756150029130636,10.0
11.028199310485093,0.5181376720456317,10.0
3.1149154295141375,-8.576773149690688,10.0
-1.4561111617924554,10.227058872480463,10.0
7.288064140896207,-6.636206085500569,10.0
-6.907988246481502,6.725490910278201,10.0
-9.18456035971252,1.8080172729408817,10.0
-0.46724006958464054,-9.4043397951261,10.0
-6.976870380521237,-7.06222497566463,10.0
-9.244992216976271,4.675180530053489,10.0
-7.954781930941896,-3.936357462907255,10.0
4.9989732206411785,7.712594249718181,10.0
-9.43549070269442,-0.4144025768647572,10.0
4.32075726897463,-7.140897894810117,10.0
10.221726878944418,3.4757118529175854,10.0
5.2767874594424,8.605147183560574,10.0
-9.425586914556787,0.30474971997864775,10.0
-6.238008225425464,6.837584720850608,10.0
4.041247937479826,-8.083787628044234,10.0
-6.621616361492099,6.983910754017767,10.0
4.476443141383445,9.214209489956707,10.0
5.383490898747348,8.414631219712177,10.0
3.9259116743413593,7.2944089577991225,10.0
-9.311087093865531,-0.7042645287139361,10.0
-6.474142349176105,6.956625110262054,10.0
9.44561808050318,-5.015392165063087,10.0
-10.278538517938244,-2.0686184687092464,10.0
-9.185648177098889,-4.302436475803186,10.0
1.8229916251225655,-9.324972883427824,10.0
6.773369041687688,5.2848969602321505,10.0
7.795259522264004,5.752561340028296,10.0
9.137994280789787,3.466824927301508,10.0
-5.5027749879704375,-7.211523768661817,10.0
7.308300487016998,-3.9656953701544086,10.0
-5.94864077501273,-7.018951657522156,10.0
8.975126138344525,-0.2468832307001378,10.0
-6.69005394038282,6.206454389857503,10.0
-2.673439281525774,-9.362281909856872,10.0
9.675019202501126,0.23011371314596699,10.0
2.9726564140086227,8.855177371976506,10.0
7.124152330916463,5.0154292462665735,10.0
-0.49282556763357976,-8.902995203146311,10.0
-7.6964145358219085,-5.379675705447503,10.0
7.5766062080223495,4.935213895454116,10.0
-7.924754793328055,4.823501737039165,10.0
9.734479892048444,5.0773339084729106,10.0
4.9579631458034905,-8.373506154163193,10.0
0.9614581632812846,9.710688878480285,10.0
6.578985982253935,-7.759875242283844,10.0
1.3962727890733058,-9.856982246257065,10.0
6.2167683727905505,5.8335468442230525,10.0
-8.773675144135028,2.6091328250432486,10.0
-10.123267682317303,1.6912347181351965,10.0
-4.756015413408404,8.208229250456194,10.0
-7.546866066199582,-5.127491846094236,10.0
0.5788430154659907,-10.066365575788666,10.0
7.170367613404688,6.482684664051697,10.0
-8.938471760916968,-1.8594275462876872,10.0
-5.283087757038752,-7.526759470490214,10.0
3.906216320443307,8.649441737919027,10.0
5.5668174030905355,-7.981128257963869,10.0
1.6233641928178086,8.818985709760623,10.0
-2.132135507969598,-9.462576286202731,10.0
-0.7040184993232669,9.515141429041913,10.0
-2.8872303128867998,-8.770468066373308,10.0
9.748143715371826,1.0028308794104064,10.0
-2.674152448569433,-8.941041525799966,10.0
3.915156869961691,-9.004936573057178,10.0
-5.236150279370313,-8.2659100144423,10.0
-8.920116470363459,-4.710039423810772,10.0
10.319401526353236,-0.24203689474889933,10.0
-8.566271215071145,3.9228029291019624,10.0
-8.331604188167734,3.4967953137561936,10.0
4.948806188085608,8.613141273545619,10.0
6.759502738950711,-6.865950577394387,10.0
8.661561749792698,-2.6250384340117106,10.0
-1.812802553590774,-10.768506951776201,10.0
-9.825576982222389,-5.57001864058819,10.0
8.045766024518423,3.156986112261665,10.0
-9.399376583920017,3.1519144107052566,10.0
-9.56042469439947,0.40734906633507617,10.0
-8.76684853714887,4.964980482551938,10.0
-10.281602373705523,1.3984671514441278,10.0
0.6242617421082304,-9.715604071108771,10.0
3.7063464170331497,-9.934486198079446,10.0
-5.606279701795891,-6.6529263155464315,10.0
7.591234633273277,-4.314066573521851,10.0
7.823792778910491,4.614409346921933,10.0
-9.072164965911831,3.004913191366492,10.0
-9.564461714666114,-2.8785895682502067,10.0
4.960047239954587,-7.458194588158862,10.0
5.592251285380888,8.386956753095037,10.0
-8.109102901777698,-3.005117580329801,10.0
-4.146365287887836,8.107087873896548,10.0
7.5978268549638575,-4.927432172234854,10.0
-9.814070017570296,1.2893234121146608,10.0
6.18169390540736,7.620904534087016,10.0
0.13466773162686121,9.86708720267719,10.0
-8.64899115645543,4.789114045662913,10.0
-2.8666514038530404,-10.320717586790412,10.0
4.363567673259468,8.635673411821312,10.0
-0.08717390522026831,11.00594539616456,10.0
-5.405755670544591,-7.856234576611997,10.0
9.531275819801964,2.351081851555838,10.0
-6.175942605081368,8.59984202451202,10.0
3.5394446508319914,-8.713762588509145,10.0
6.092963893999865,-8.015188724827707,10.0
0.18516685986371215,9.526877309780387,10.0
-9.890440207523215,0.5132937778588192,10.0
-1.8480049387827509,-9.234577176071717,10.0
3.4588334048265765,-8.62858158555248,10.0
-6.405620296441691,7.02944171145543,10.0
9.12121103530954,-3.792888972285631,10.0
5.331597162925985,7.628394306136804,10.0
-6.953772976737853,6.819741572364242,10.0
-5.844986108863814,-7.595819793663689,10.0
-6.359348498008644,6.380199326186371,10.0
-0.3801937552262372,9.519076397524504,10.0
8.225576154671156,-3.670652914827127,10.0
7.935470552665237,4.303080800010244,10.0
-7.791233736867441,5.3846545846809475,10.0
8.5803239993896,2.929528666366441,10.0
-2.6567379459495357,8.898606428747705,10.0
-8.338776634909468,1.27938589046625,10.0
-6.7106263262786765,6.713583917027439,10.0
-1.1856464844775507,-9.389020417985492,10.0
-6.337752399907775,-5.95972599770078,10.0
4.619639721943527,9.23253797966316,10.0
-7.563403635875905,-3.4442327404579425,10.0
3.0415845659801923,8.685447239499236,10.0
-4.597229934877739,-6.6918636565492955,10.0
9.686232393019688,-1.2841671992902326,10.0
9.354473831036898,3.1548115445474543,10.0
-7.004974062392399,-8.382421227189845,10.0
-7.304946986042472,5.746036760317066,10.0
-5.048799394835021,-6.549987226368149,10.0
-8.778289774048982,-5.831813899534349,10.0
-4.3719825384022055,7.928659246186104,10.0
3.131813615280269,9.586818065533592,10.0
8.415099691864096,4.661836873490671,10.0
-3.7510319520771773,-7.902630421900597,10.0
-2.4787539424178604,-7.851054776438584,10.0
-4.855721011196543,8.097393974529778,10.0
-8.343687701852284,3.9343641676762418,10.0
-10.290257731908905,0.6442076495157445,10.0
-1.9119009496966726,-8.607472517837534,10.0
-8.794783869012464,-3.1934706156386863,10.0
0.20821644299774755,-10.122611121870918,10.0
-5.176774355778563,-9.16407132336432,10.0
-7.396047954550275,6.054274392328014,10.0
-9.164438361172175,2.009148168453925,10.0
-9.050650604871924,3.9011679419298915,10.0
7.22649740109472,6.98712635101707,10.0
-7.013897735316559,-6.302754987108342,10.0
1.5865860974469543,-9.880540650762994,10.0
7.701946264141872,4.441128466723024,10.0
-6.667965877749911,-5.932654450191502,10.0
5.256312811371641,-6.8611563527105295,10.0
-8.25229292120332,4.570036668812947,10.0
-6.175660709306926,6.253436893176317,10.0
-5.725265810908074,-7.182227407581044,10.0
0.6933451873647307,9.109648802911725,10.0
9.991759444308313,1.779280572049632,10.0
1.8992258545627831,9.18404766232593,10.0
-6.900718155266409,7.022143108057292,10.0
-2.472658694529426,8.977734907748177,10.0
-8.73138554115401,3.9231568415686238,10.0
6.635438060607125,7.600439907356123,10.0
6.823400081506493,7.535925871143194,10.0
-1.5293383759998571,9.36167201620758,10.0
2.1617748479425036,9.89314437220072,10.0
-3.9655472644199232,7.69994018721612,10.0
8.188003826407522,3.872203316403736,10.0
7.155053694457778,7.2146344678377226,10.0
-6.32055990398328,7.9158368877490695,10.0
-9.459581878176804,-2.4481083233573653,10.0
7.090809486080932,5.7403316392249115,10.0
5.021625541656515,8.646360965303908,10.0
-4.546434430517259,8.709769599621358,10.0
4.209085294105776,-9.118085061729637,10.0
8.266096773227117,-4.946858124828325,10.0
7.391882285025355,7.907939201973251,10.0
2.764328074610069,7.824045134452147,10.0
10.43437782684179,-2.9190685472335884,10.0
-9.100625080801697,-0.27220728643377873,10.0
4.5306717325987025,9.065777331839909,10.0
-8.784204169309193,-3.0433779433374277,10.0
1.191668061296142,9.57824749691975,10.0
-4.546927168819773,8.132451082338182,10.0
8.868132103796547,-2.66570991005789,10.0
10.19884362773811,3.5866315497834536,10.0
-3.2834572077267676,9.25721886486959,10.0
8.870795520532223,3.9335317786280135,10.0
6.018551234661521,5.002343586674739,10.0
-9.771021219108238,-2.5919989453755834,10.0
-7.263656120688929,-6.773338862802806,10.0
7.786061774398105,5.638414447404886,10.0
0.7300089444755162,-9.332458858459312,10.0
-7.220212652804085,7.796522286456918,10.0
7.578956677286983,-5.433207936806169,10.0
4.54824053349717,-9.49486859786564,10.0
-7.620399802496711,-4.8066562458394255,10.0
10.472749135512876,-1.8393015140209275,10.0
-4.912536729758677,8.615238102434233,10.0
8.024541723472865,2.6540484980780996,10.0
-1.3172406298902766,10.048873771120554,10.0
-9.655846717647592,-1.177989787227514,10.0
-5.672994857979673,-7.279739428463219,10.0
-6.278848573499849,-8.519515570413834,10.0
-0.37206713983584844,9.415552192075292,10.0
4.639012512636974,8.531415895508077,10.0
-4.898481481005376,9.607372024199028,10.0
-9.497891250210747,-1.273915209683387,10.0
9.564224781329829,-2.7284174607525205,10.0
8.685769899221123,3.4801482044938616,10.0
7.063104960946615,5.598120854077761,10.0
-8.074214187163463,-5.282736205113948,10.0
5.475491229313789,-9.310770005021807,10.0
-4.504418289942403,9.490667618396664,10.0
-1.4897214905707443,-8.906823655482535,10.0
7.926602107935629,3.5678522603688827,10.0
-8.628542953746601,-3.146872966271832,10.0
-9.416010971753659,1.3666395174366666,10.0
-8.096587136346738,1.5437897097953819,10.0
-4.612794989375108,9.147285284249987,10.0
8.16096401911196,-0.8347114782360164,10.0
7.65366186286793,-7.215120345742813,10.0
-2.9742358161005833,8.567415342620667,10.0
-2.5138307902842603,9.84061967180222,10.0
-6.136412624061208,7.585580309057847,10.0
3.665843994465909,-9.926384729269735,10.0
6.970128066815832,-7.730025272442686,10.0
-2.165573463025652,9.846301587753452,10.0
-7.316077225871621,7.071071495480022,10.0
-10.817998250675123,0.5008398607454307,10.0
4.009638528377626,-8.182664761740616,10.0
9.669254685855972,3.999966528231897,10.0
-11.026170105289143,-0.10051308586708715,10.0
9.49465117330195,-1.0853923744361262,10.0
-2.9306086722410805,-8.17872010926515,10.0
7.9642603745601965,4.1369183967272125,10.0
-0.7270746400048951,-9.812321658822713,10.0
6.089181652826187,-7.707314522008924,10.0
-2.666303712764766,-9.577727517305634,10.0
7.4310546421596575,6.854551420165103,10.0
-4.872336169269384,5.8464884376095,10.0
9.179853866045725,2.0511809335692095,10.0
2.227484334475191,-8.746270443524926,10.0
-2.922937579244055,7.859968572891138,10.0
-9.303338987605288,-3.525760923752801,10.0
2.6673078367319336,-8.992646243330249,10.0
7.593399687732535,-4.78038445353999,10.0
9.155653234636004,2.057787422260535,10.0
-8.360955383530277,-5.606228456973374,10.0
-1.0962578521193167,-9.482207595509971,10.0
9.31349609963766,0.6779364093506314,10.0
-9.88595859870703,0.6712978499099634,10.0
-9.74509594293394,3.2241894754446716,10.0
-9.468437590043974,-2.030105787815506,10.0
8.466383808435191,0.4194486429925574,10.0
8.700717516439244,-4.391369070872196,10.0
7.057417712547903,-5.94186272945887,10.0
11.02186459382506,-1.1388583651610575,10.0
9.274948461135706,-4.017097144531608,10.0
-5.732359141267887,-8.90072693211779,10.0
-7.091777409374586,-6.774487055148337,10.0
1.6601096453791893,10.489577928087753,10.0
-10.022806862930267,2.0845333905132577,10.0
2.939217320130158,8.969124633718199,10.0
8.099925624979203,-6.354188160622153,10.0
-0.4367651383934225,8.69584042420814,10.0
-8.091924908310151,4.759558813410339,10.0
-9.201114535923958,2.804544722104932,10.0
-9.067728477922394,-3.8265953873496117,10.0
-12.078711911869819,-1.1405853369789474,10.0
-1.7862610009164461,-8.980666253011883,10.0
-8.757685940604391,1.3547009003106323,10.0
-9.200609861692767,-1.6797714515896958,10.0
-0.9998086769264118,9.264333415459513,10.0
-7.570133992437554,4.870272695751086,10.0
3.6636116591289842,8.988271195006595,10.0
-10.677330025463041,2.724904820087016,10.0
-5.505920594914942,7.339194114658025,10.0
4.965824357999699,9.779552670592906,10.0
-0.2202404654161473,-9.76716123767336,10.0
-0.20878410420813154,9.044473252746014,10.0
3.3988495057628496,8.940205738904632,10.0
1.9527172097604077,-8.219628559562135,10.0
-8.744962334097316,-4.115666926905675,10.0
6.4060589944788315,5.663087424766476,10.0
9.342024037808564,1.8867136129785902,10.0
-9.371301325339871,-2.992417515875465,10.0
-6.876014211634281,-7.076120993344449,10.0
-6.125768943347166,-7.586616918547161,10.0
2.6589442207219913,9.323403306190544,10.0
7.0288541275886764,-5.415407940899102,10.0
-1.6639647005034992,-9.697265421371958,10.0
-4.874551838303919,-7.550223703745083,10.0
8.00729633763384,-4.978391134332472,10.0
-5.411222642780465,-8.68367955515937,10.0
-6.483277932805047,-6.77947220204415,10.0
-7.877954302577989,-4.163781263326364,10.0
-6.928885482879916,8.400061982868195,10.0
-9.586128307383236,-1.4707317761558576,10.0
-1.32869730639038,-9.947843240582289,10.0
7.431866761688662,-6.865084651200772,10.0
-9.734686017579039,0.2919514699536709,10.0
-1.6722662880436752,9.686266085263657,10.0
9.455958726941718,0.4030217239206471,10.0
-1.9393227585142103,-9.421978708800701,10.0
-11.08407682395228,0.3110287307991118,10.0
-6.361476737402909,-8.135710475190677,10.0
1.5177954615693017,-18.181035249956526,20.0
-14.957722204643558,14.014107825409388,20.0
12.344545149941185,15.791453663525257,20.0
-12.36639932620382,13.676657685357739,20.0
-12.073398171650943,-16.07195311910882,20.0
19.46398308761384,-7.936355025224652,20.0
16.797966788736026,-5.784962446748421,20.0
-14.023266756780489,9.525493210691355,20.0
-8.365853743554004,-16.88520361387768,20.0
12.989853674421306,15.20654757812573,20.0
13.512806326731086,-11.734928433326646,20.0
-20.35849134992158,-3.8489542385248425,20.0
-10.044143561727862,-15.396686532263718,20.0
-6.937697322647469,17.376219819725222,20.0
17.82312833990545,8.284474802042203,20.0
-3.525591212908022,19.42009166269781,20.0
10.59428406490678,-15.712064831362559,20.0
-19.487930311682188,-2.626968651673722,20.0
-16.850098415548512,8.908648028280945,20.0
-1.0127425880801217,19.510932357795845,20.0
8.04868599062037,17.820110799200776,20.0
17.773784848896614,8.715991291484944,20.0
-3.5254298587919233,-19.73108331448332,20.0
-4.793446101294087,-18.156117030149996,20.0
18.816558799018605,3.371205577790613,20.0
16.72954595799052,5.8193909615967305,20.0
-16.79076574299972,11.53541908170369,20.0
0.49306862951284813,-20.57202703939096,20.0
-6.085109268472899,16.061314794339197,20.0
-18.386268555721866,-6.63908269197342,20.0
-9.583016637403095,16.837155910132605,20.0
-19.94907378727732,4.319702444415466,20.0
-13.591169909391533,-14.256060834645451,20.0
15.788152499582049,-7.609714672770276,20.0
-1.086335291850359,19.701562419775357,20.0
-7.504495395394787,-15.099552467104644,20.0
3.756296786235829,-20.577915971353715,20.0
1.0564765406741023,17.930918955508034,20.0
14.591200501221827,-11.931660811607818,20.0
-10.704451609609606,-16.862180929987282,20.0
-17.030499196784767,-8.951229289658338,20.0
18.550434857443506,5.521979543247207,20.0
-3.7669031566334485,-16.98405677659718,20.0
-18.55184814039769,5.088741480578594,20.0
11.24263961920897,-13.458246795372638,20.0
-18.03945802030343,-0.5379777316158896,20.0
19.92813536761379,-3.3693648988946077,20.0
14.406191865974616,-9.044562808405223,20.0
-7.844119528590999,18.429372394686116,20.0
-17.44618500614358,8.614256767352236,20.0
0.4095910378881233,-18.8149490826509,20.0
18.138768338987074,8.94527003422337,20.0
-20.421249978392236,2.13998702829889,20.0
19.019302742058084,-6.821684677776154,20.0
-17.973890202625412,1.3646542184057953,20.0
2.312273150272548,-19.74035910070038,20.0
-17.653059591888045,-3.8702800944950755,20.0
15.513327221365014,-14.653421004894833,20.0
20.707547537824283,-2.5487192338528737,20.0
4.16661455497447,18.2649915799302,20.0
-9.65253223805694,18.051697358644724,20.0
-4.403698469422561,19.68800287722743,20.0
18.439392780006187,-10.394095991505427,20.0
15.354855751096093,-11.623464519862338,20.0
-10.266768948408446,-13.506927312127381,20.0
-10.276674229987236,-15.152901842964999,20.0
13.56605421060418,13.117630611002989,20.0
-5.813127717735241,-20.070608399633176,20.0
-20.715271994801544,3.1813668395881796,20.0
-20.813380462883032,-3.006212061263537,20.0
19.068183559530656,5.465253400942795,20.0
-0.7998113337120433,-20.57843081620807,20.0
-10.4274312813005,14.842412301757461,20.0
-12.556031544416012,-13.39962564990632,20.0
12.626851007486808,-15.729753214761066,20.0
-10.539683651860907,15.156741383830894,20.0
19.289460508858802,8.331103516902026,20.0
5.910160135695205,-20.073518625751177,20.0
-16.93596137120095,10.591238609020875,20.0
3.77811493859738,21.36093692563399,20.0
-16.689558034594334,9.052971583655417,20.0
-19.914281476163872,-9.506475413897267,20.0
-16.620924200483884,-10.95634948516304,20.0
-17.876677242729375,-5.117791093341293,20.0
12.397865704199019,15.634351904447668,20.0
-22.184596094451575,0.6736186893733014,20.0
-15.781532854891175,-15.659900571560575,20.0
-16.881203685527957,-8.406109180466418,20.0
-20.03775829258089,-6.47080068384335,20.0
1.5766080793559982,19.60299622966842,20.0
7.570224620238538,15.807239899725808,20.0
-21.1510085373314,0.5902175123883101,20.0
-6.729868524699055,15.95345270013564,20.0
20.381161014982872,-4.191524102374026,20.0
7.253237962046663,18.39759771973676,20.0
-19.969992587117044,4.489566008779639,20.0
-18.908800859430873,-3.6957444030914797,20.0
-17.89717865266632,-9.792207302887718,20.0
-20.41835071778763,-1.4946554509620118,20.0
1.7495527547136507,18.593695788169654,20.0
7.300688080728397,18.411036729997164,20.0
-14.170548189794896,7.704906246337227,20.0
-3.1246251769353477,18.809780202599594,20.0
21.301429037217723,4.059173794099713,20.0
11.819195145336113,16.155408599885448,20.0
17.332557177113852,8.351715753170252,20.0
15.36687651868325,-11.562179837171005,20.0
17.49357144069253,-5.82480584582792,20.0
-3.893445042790983,-20.234570594159322,20.0
-8.5101220290483,-18.651016671167277,20.0
-6.04164504932223,20.11907986759166,20.0
-19.546803820896585,5.508840977793045,20.0
13.244105802160735,15.839564297463651,20.0
-4.8329016402746205,-17.851734907225516,20.0
10.95796551442685,-13.872099011788002,20.0
21.68524012229934,-1.0637209509302208,20.0
10.138273072824296,-17.074069467727398,20.0
20.507782247502377,0.8619704741249528,20.0
-16.31629826863161,-8.215872420176959,20.0
-0.7068842624618129,-20.046290678664313,20.0
-0.48995914599689583,18.67753380412393,20.0
-9.310322820533974,-16.39169269974285,20.0
-13.49306354826871,14.143317991197396,20.0
19.44637852322814,-8.21680549880606,20.0
-14.464532672124648,11.704473381416424,20.0
19.416449431535558,6.495305974419578,20.0
7.653786421815484,-17.65406393114507,20.0
-16.379779412472864,8.507987830466817,20.0
-12.540288252258893,13.255196762453464,20.0
13.607553546538302,-14.985506311966411,20.0
16.52239925656761,-11.951554913943568,20.0
14.355689603335481,-15.082259736618859,20.0
16.454258473537283,-5.68488818096829,20.0
-16.54413078100773,-0.39887761465952426,20.0
13.777344911755337,-13.602933289623694,20.0
11.772664248037872,-15.53716397628631,20.0
-4.195678627553991,-18.381363108186424,20.0
-12.74250807606736,-11.620663754750689,20.0
5.177181043150578,19.83265729219047,20.0
-5.4013337004426605,20.1129983334957,20.0
10.143544881627495,-14.42010469684891,20.0
-8.15849783592979,-17.748382242158108,20.0
-19.78024203253982,4.3319537545252285,20.0
-1.9073260891077342,20.36041628815452,20.0
-9.966984534590285,17.182429542454422,20.0
3.7206443374510205,-20.782488372242298,20.0
-3.6108680725296325,-17.98371758058225,20.0
-17.277226217625145,8.719700918440937,20.0
11.482926351666805,15.455179519362868,20.0
-3.20460028042072,19.03150910909016,20.0
-10.219803618444445,-16.68130052767562,20.0
1.5506154243291563,17.19655171679979,20.0
-19.581924738827173,-7.214051816567487,20.0
-10.995600566198993,-15.693688353095224,20.0
-12.708394090802049,-10.306765939273742,20.0
-0.7147379928856391,17.931845143511815,20.0
-17.113698151182934,5.0922091703687045,20.0
-10.233236570514872,16.452338170855743,20.0
-13.999931690925626,-12.957078778265464,20.0
-6.777683285790705,-18.234793664238882,20.0
18.798912081140926,6.14740656772361,20.0
-14.440084733993732,-10.444858136953162,20.0
7.045093860225643,-16.68720737575215,20.0
-11.272063534933475,18.887453435522957,20.0
1.31108291640875,-19.87904066324282,20.0
-14.053991991398956,-12.894045675289501,20.0
-9.93457935642318,14.491616282312261,20.0
-21.11844965612174,-2.7729432840901516,20.0
-13.138994970814501,13.742771184224711,20.0
12.983748513901498,-14.913214108963215,20.0
16.397744241074342,-13.429677252214152,20.0
-21.21544663023431,-3.1832592325195983,20.0
-13.647566864734227,12.415257412687255,20.0
11.084481379793264,-13.185505115232491,20.0
9.295900784456784,16.00182083283923,20.0
-16.449366670935333,11.484670963084193,20.0
10.278403194639537,-17.366929651806576,20.0
11.655340359913914,-16.396259013912058,20.0
-9.967899912324459,15.796502881081409,20.0
6.138241537852136,-17.032219566147443,20.0
-21.55822250448715,-0.07779942362836878,20.0
13.125732722521962,15.935438142875084,20.0
-11.10068561605576,15.901324082268765,20.0
3.6661102358448816,-19.293587487596035,20.0
11.271450555905657,-14.530403280181607,20.0
8.94187447340141,-17.71176238445101,20.0
-16.151314331403025,11.334485940948772,20.0
4.9237454719741836,16.626648971568567,20.0
0.820194422116897,17.12648938595856,20.0
1.3956687931521854,19.575194810004522,20.0
7.935469746106524,-14.26536671635737,20.0
-9.222247996965638,16.500373667318964,20.0
13.836540254186252,-10.732683470560369,20.0
14.024729761808741,-14.056592876943768,20.0
-10.65257049544716,-16.293055683210735,20.0
16.00618484343034,-11.580001339349256,20.0
-19.53931301387627,-7.335356633246968,20.0
-14.769672073212211,-8.055794630035809,20.0
-8.557453255905962,-17.577928220466337,20.0
-14.47331044664706,-13.341829346800477,20.0
-6.367731189733274,17.913588221016308,20.0
18.950694699768682,-2.3182663425585033,20.0
-18.398033868345184,8.080611214146266,20.0
-3.990224208798586,-15.716512603535728,20.0
13.860485178466094,-12.824196895383343,20.0
3.7452098805530176,18.966168716647765,20.0
16.608104547981654,6.863763353910651,20.0
17.96466529249762,6.281299107789291,20.0
-20.915573080865062,4.475292571009048,20.0
1.3784374481845556,-19.682002259166634,20.0
-16.39333303476652,-10.551774450732951,20.0
2.436525021302297,-18.121818325059298,20.0
-18.301566856666398,-11.872552651499568,20.0
7.355701498449714,15.540998104291992,20.0
-18.833310940024127,-5.308015896747665,20.0
8.126058345351117,-14.84587479119908,20.0
-15.63211855958873,6.415549238829425,20.0
15.52185133729838,-11.538870857760969,20.0
-12.778092138119884,16.610965566150277,20.0
15.843103378922468,-8.779562232805802,20.0
-2.862887826142301,19.39923982784861,20.0
-12.997364315446557,17.025818025180392,20.0
-12.46783442438039,15.890380721892093,20.0
-9.370556844959475,14.430143483888127,20.0
4.257587172828345,-19.442731710299046,20.0
-0.23688342663187484,-19.359094097566164,20.0
9.25541553856753,16.81968682083921,20.0
2.9104097401197797,-20.413234019401468,20.0
17.910721780742843,5.771173378520991,20.0
-14.74574199044905,15.95697897318119,20.0
-2.050196900754075,20.445575273144872,20.0
1.51828962883887,-20.232939901740995,20.0
-10.495792055638395,15.123727506208606,20.0
15.098540246309044,-11.826134569917672,20.0
15.687875191506928,9.51262381938505,20.0
7.027623955368927,18.804255306465784,20.0
-3.6874026103513806,-20.944461935298524,20.0
-17.310188235012994,1.8308701694508533,20.0
18.601085132166563,-5.416080870896877,20.0
16.312162317221016,3.360640469149262,20.0
7.819426561925811,-17.71653801110029,20.0
-20.9731929595658,-2.409906892794909,20.0
-19.144566906886617,2.604049689632715,20.0
-15.493788118632368,5.866276689798197,20.0
-17.29817141369703,-10.058060276049453,20.0
-18.66021339493786,-5.733568880925306,20.0
-4.413976498668094,-18.012078724031067,20.0
19.987061955862,-5.183916923639454,20.0
-5.773559207938277,-21.657621559647684,20.0
2.8100940135317534,-19.642728679535576,20.0
-17.008928342370822,10.473373891157904,20.0
-11.127601235592255,-15.628230342029438,20.0
-9.585481851331474,-16.829503515123964,20.0
13.119154475989667,13.047204162402688,20.0
-19.327854633840175,-5.652263424698104,20.0
0.24779150322975893,18.873368037161846,20.0
-17.890412110262044,6.4570551550804485,20.0
-17.651644481816817,8.486410954450088,20.0
-20.616872498815052,1.3287314042218479,20.0
20.386581966532486,-5.55831866624142,20.0
19.96315795764553,5.051584261496733,20.0
18.675710075544526,1.823086517650561,20.0
-3.58683518500223,19.142755479932553,20.0
19.962645753889703,1.041527664223212,20.0
7.3812683654684195,20.97934254586184,20.0
-16.231855730991775,-11.634141345428889,20.0
-0.24691394054932264,19.482189234136353,20.0
18.314947130218577,-5.12155977208904,20.0
-14.33428596119936,11.547468517684125,20.0
7.497867050154383,18.127884067252555,20.0
-13.352513827922115,15.59055641488921,20.0
-15.897165892868191,9.063985695693122,20.0
-19.54971584708768,2.758421627569887,20.0
-19.239983291680044,8.328388230268487,20.0
17.512244008764345,4.244001112482653,20.0
20.657260969521804,-1.7565653488504007,20.0
-3.1780770468482173,-16.107348967589868,20.0
-13.830780534236311,-14.327444477582702,20.0
-18.083274381195636,-5.669209212871829,20.0
19.23422020217352,7.97334838087918,20.0
18.76317035530296,7.8075080939017605,20.0
-18.8342723986454,-3.575459219811576,20.0
14.979674799817808,12.393837434082252,20.0
17.910820602680406,-7.205524749542451,20.0
-12.710487744260883,-13.777644145722666,20.0
17.72644436144696,-9.599756913324324,20.0
-1.2587935574491182,21.101665811001016,20.0
-6.488698020658651,-18.53495834548745,20.0
-16.84341193500438,3.595515884445401,20.0
-0.20256035482491822,19.47718517811238,20.0
-16.041889575526767,-11.463283469611289,20.0
-5.695041005659742,-18.67150892701212,20.0
9.207098736497812,16.655425772873816,20.0
-1.035107636746639,-18.99649047697988,20.0
-13.646568197000322,10.880161767656142,20.0
-10.466277639690006,13.572190009108189,20.0
-18.767216889933948,7.177762432794835,20.0
9.421822727171444,-15.381040495637835,20.0
-9.16572831566664,19.58670866178032,20.0
5.179394537333581,16.434079596079076,20.0
16.54850597308237,-3.7212596152798993,20.0
-18.349671283813624,-9.32099839384243,20.0
-17.24980403787818,-0.8982909565619633,20.0
2.861177116543883,17.773001810120302,20.0
18.722305360003055,-5.376833476888002,20.0
19.519798983498916,-4.060876170316195,20.0
10.185563079306005,16.304235822854796,20.0
13.765585780959634,13.176352252688467,20.0
1.1553080090699754,19.878498937015706,20.0
-16.560673323867828,8.209016835861897,20.0
4.612857808187952,20.719304616131307,20.0
-5.714852427710016,-18.591250418910754,20.0
14.709881533337644,-13.881352970691568,20.0
-0.9594568026914394,-19.38337322513627,20.0
-17.79879557724567,6.112155079406135,20.0
9.432661063373322,17.775035798434335,20.0
18.51047041747434,2.9353783009588903,20.0
-0.21149227317581537,19.69218366357873,20.0
-11.41820027630027,-16.289024859986945,20.0
-11.875083508335186,17.19859342314596,20.0
18.50691600581111,2.5115676496077977,20.0
-20.17118496631969,1.948082515684877,20.0
6.414333023028434,-18.235840186066874,20.0
-2.7092934363536045,-17.69532339489418,20.0
9.446174244691123,16.539169298644392,20.0
20.159591419108803,4.523247154074864,20.0
9.113696897498683,-17.32609343207234,20.0
-2.587454371752655,19.289905430185392,20.0
18.38634485318508,6.578516745781526,20.0
-16.642563332088802,-11.073964387479945,20.0
-4.340989836658409,-21.25152167326194,20.0
-17.24631732819919,5.819517785071525,20.0
-2.984319954140141,18.77165564876364,20.0
18.85593012367886,7.596549863382148,20.0
20.387001122781825,6.401360268021891,20.0
3.43168947856213,19.67694596187125,20.0
-18.961697044142543,5.374288516283617,20.0
-19.124758031787074,-7.044249954832734,20.0
12.763558154242926,-13.870423059670987,20.0
-16.1737988865923,6.788977527767392,20.0
19.892403980046563,-1.7090935111407215,20.0
3.0716879920781577,-20.348536904956475,20.0
-18.354226940685397,-5.578838296746858,20.0
-2.373486465259784,-19.547331603765866,20.0
7.562610554972467,-17.961798423508778,20.0
18.816261418891983,5.347936063907686,20.0
-16.65192948657154,-9.049986651198152,20.0
7.860170812883501,-18.922385404226148,20.0
15.806289558442932,-10.785509138368548,20.0
11.146946034291519,16.70025396103092,20.0
12.416278009997502,16.816815199348653,20.0
16.48536818251363,-12.486735346088041,20.0
19.220814764190393,-0.2720585220126504,20.0
-13.188946210311158,-14.294607392848235,20.0
-14.44734422711814,-12.247475882410091,20.0
17.037844033033576,11.334343098777607,20.0
-20.150291233270774,5.232654542329825,20.0
-11.294772552574983,-17.330990471787196,20.0
-18.572262673866273,-4.168098691477182,20.0
1.438151496989596,19.836629919509807,20.0
13.611995835867855,-11.694765321924692,20.0
18.439090671471124,2.921213617428936,20.0
18.311872459771227,-3.026119969619799,20.0
9.161221903329713,-17.835952153485135,20.0
-19.21201427884853,0.6058967784625824,20.0
18.59883378171762,-1.6615032748516652,20.0
-3.056483090789643,-18.31423003256521,20.0
15.312283852608585,-10.620135013083711,20.0
-1.1819023752679987,19.17427128017278,20.0
1.8513395116298295,19.270932892430835,20.0
6.552897940249155,-18.669536561421207,20.0
14.17974866642958,12.291200854685465,20.0
-2.966902449483704,19.549689817286637,20.0
17.18095772296053,-1.1849744919317886,20.0
-20.632404342228497,-1.3952450298975378,20.0
15.967432452571362,13.737111384940258,20.0
-19.334825022736577,-2.6611484011698052,20.0
16.90218253696145,9.326818006800876,20.0
15.562730589531721,5.010893238610339,20.0
-9.193651409200662,-16.666496278718576,20.0
17.68100748242901,7.587849099041856,20.0
-19.07219785018654,-4.858426164152811,20.0
-20.42460431668572,3.948689317147102,20.0
5.906722328258786,-21.167224866990058,20.0
-15.312985578777456,-11.207230980460986,20.0
-10.68598522131105,-18.03782697548297,20.0
-10.91387862580867,-13.98340433518555,20.0
15.584880515833035,12.398391369744703,20.0
20.9510547795969,1.9842210957510278,20.0
-3.2855560809071296,19.148664908909094,20.0
-13.961123308577793,16.135855426031252,20.0
18.144420098235354,-6.147492400862892,20.0
-2.6301198863255326,21.386398568833556,20.0
8.85315344134978,-19.22391320911217,20.0
16.208401498097686,11.932677712827518,20.0
-15.479539547903554,8.014737044744365,20.0
5.196810714835274,-18.95614985216638,20.0
-18.338125545021665,-11.468715891512392,20.0
-13.294270342278626,12.802361846563008,20.0
-14.764113599444743,-11.57252832308563,20.0
-18.33025590232408,-6.113205820291933,20.0
-12.002970119101553,-15.112251022253018,20.0
-7.053387799569533,16.279288866243274,20.0
12.171048337597995,13.169945315029306,20.0
-17.141506674072243,-7.5824791062656205,20.0
16.514048609516788,3.5199431793941867,20.0
8.050067982024732,-18.70515203620092,20.0
-20.455976742938393,-7.3115857218103075,20.0
-0.7734621625847562,18.325773069736066,20.0
9.670589962287025,-15.820068549897952,20.0
-14.578211458100242,-14.098964866400053,20.0
19.856917063510366,-2.141288821047545,20.0
16.08315239580441,-11.493933692662466,20.0
5.005077307730351,-19.604046622736345,20.0
-17.30967342865694,9.635033318038575,20.0
17.562045235411432,5.482219877021956,20.0
-15.37389635902881,-12.943200178400106,20.0
0.6549063997805715,-17.573533544586674,20.0
-19.011421167314378,-7.867761630948236,20.0
-7.359383575657154,-18.98304556498216,20.0
8.9586993292819,-18.694013645489242,20.0
18.940108448963553,5.654481904197797,20.0
17.134992014649807,-7.449302008510182,20.0
-6.376223749712412,-19.029764402863183,20.0
16.101373083214774,-8.456616655278651,20.0
-19.048533947938115,5.031971112536325,20.0
20.674481633717768,-4.985434170790065,20.0
-12.985057752651201,14.709107816229482,20.0
-18.73362553211702,1.674991113198927,20.0
-18.765891418299102,7.661956556426958,20.0
-15.59746568582854,11.123800448391004,20.0
-16.160119692856767,7.514415997677922,20.0
-18.851085811576905,-3.802057956912784,20.0
2.5960844661651654,17.772151649532702,20.0
-16.180419271248276,-12.754070581089016,20.0
15.858113200976431,12.007680242411315,20.0
-17.264354157022552,-11.26710079590258,20.0
7.7831608904844085,-16.603454098278974,20.0
17.96601868160246,-11.576947982086976,20.0
-6.005994161645521,-17.968114894120024,20.0
-20.24923418188242,-4.230453456141804,20.0
-17.59305974768823,-8.646085824507518,20.0
-20.159264850964256,2.6638565700415815,20.0
-19.81904531818881,-4.464819136135328,20.0
0.07843693202725965,18.02686223361321,20.0
-18.092576811674707,0.4943469511691827,20.0
3.3739932268997057,18.67128528621786,20.0
-5.7093755639271775,19.186546940107835,20.0
-19.199029188921312,-6.962044483343144,20.0
20.299808161167814,-7.912041344361123,20.0
16.51682864586363,13.278648498642914,20.0
-2.076298541537996,18.404451926320935,20.0
2.1067032918897106,-19.9197696030378,20.0
-6.718585825227628,15.928511677876534,20.0
-11.716372122649075,-16.6463557914221,20.0
-14.856733298335222,-11.108044158985791,20.0
-0.0647343815178969,18.122668553211636,20.0
-3.411667815030055,20.48626981699081,20.0
-10.956980193315083,-12.92037874594743,20.0
5.98353093021847,18.614529645434292,20.0
17.375942471423944,6.018623820002647,20.0
9.505951652026441,-18.127788208654067,20.0
11.706333945917194,-14.826964932332677,20.0
-7.407030794564894,16.754235538299408,20.0
-20.400980637050665,-5.472967721903718,20.0
-6.931173527615859,17.996488819548322,20.0
18.017516154462164,-7.730162876978242,20.0
-18.196761801710878,-7.338540280964596,20.0
-17.90080659278641,-6.728948629916845,20.0
15.503578948203476,-12.234418886499453,20.0
-12.74511986399837,-13.721105591651982,20.0
-7.544077210047875,18.118424200045542,20.0
14.77989765128671,11.692437986480355,20.0
14.473894556292628,15.186105154322775,20.0
20.594207849754493,-6.562092726646396,20.0
-10.279126174943292,14.203175541663363,20.0
-5.605562170604302,-21.363214468773105,20.0
-6.17254739832265,18.891939795558965,20.0
16.922250915441985,8.466162908163826,20.0
4.683481127185519,17.58776046724958,20.0
-17.99979951382347,-7.141147657600658,20.0
18.28567117157763,6.623274570132339,20.0
-19.145507517683775,3.8563709464043714,20.0
14.565611090346426,10.208763738061222,20.0
18.150117219972692,12.120375170538457,20.0
-11.938768495622245,14.552283283403819,20.0
-16.350594173198548,-10.4657422707221,20.0
-15.601295738458916,10.720963174889018,20.0
6.364957173378058,-20.365184087499014,20.0
14.505184679105817,12.770819568025896,20.0
15.858595319311016,12.68810319767902,20.0
18.696024634108422,4.746516541610113,20.0
-10.98645876476646,12.547343155162872,20.0
4.536671735406409,18.284677208974717,20.0
-17.58490215005637,-5.387766707163138,20.0
-17.833044776728375,0.019193924847920568,20.0
18.214563159104795,-5.145634877441985,20.0
6.7242772561739095,16.852774032410476,20.0
10.341726076129396,17.078186871819895,20.0
-14.146006429537827,-16.745339312470396,20.0
